<?xml version="1.0"?>
<pagescount>
	<html_total>20</html_total>
	<html_done>2</html_done>
	<images>42</images>
	<script>13</script>
	<css>1</css>
	<pdf/>
	<documents/>
	<excel/>
	<powerpoint/>
	<flash/>
	<audios/>
	<videos/>
	<xml/>
	<json/>
	<txt/>
	<autocad/>
	<fonts>95</fonts>
	<scraping_reload>1</scraping_reload>
	<is_pretty_url>false</is_pretty_url>
	<is_ebn>false</is_ebn>
	<email>toheebyusf@gmail.com</email>
	<theme_name>WmdTheme566441</theme_name>
	<server_url_front_page>https://www6.waybackmachinedownloader.com/wdo/files/demo/tek-experts.com_toheebyusf_gmail.com_n236bo8r0l/</server_url_front_page>
	<no_www_url>tek-experts.com</no_www_url>
	<hosted_domain/>
	<original_archive_url>https://tek-experts.com/</original_archive_url>
	<final_archive_url>https://tek-experts.com/</final_archive_url>
	<front_page_code_date/>
	<total_urls_from_api/>
	<max_reached_live>false</max_reached_live>
	<scrape_other_captures>false</scrape_other_captures>
	<total_size>38204</total_size>
</pagescount>
